{
  "acl18_an.webp": {
    "h": 336,
    "mtime": 1779671865.5616527,
    "optimized": true,
    "w": 336
  },
  "acl20_ramy.webp": {
    "h": 336,
    "mtime": 1779671865.5725,
    "optimized": true,
    "w": 336
  },
  "acl24_preslav.webp": {
    "h": 336,
    "mtime": 1779671865.586789,
    "optimized": true,
    "w": 336
  },
  "arxiv20_berry.webp": {
    "h": 336,
    "mtime": 1779671865.596161,
    "optimized": true,
    "w": 336
  },
  "asonam17_kwak.webp": {
    "h": 336,
    "mtime": 1779671865.6092346,
    "optimized": true,
    "w": 336
  },
  "asonam20_samuel.webp": {
    "h": 336,
    "mtime": 1779671865.6188307,
    "optimized": true,
    "w": 336
  },
  "behavior22_aldous.webp": {
    "h": 336,
    "mtime": 1779671865.6329138,
    "optimized": true,
    "w": 336
  },
  "bigdata22_miyazaki.webp": {
    "h": 336,
    "mtime": 1779671865.6468987,
    "optimized": true,
    "w": 336
  },
  "chi11_kwak.webp": {
    "h": 336,
    "mtime": 1779671865.6594603,
    "optimized": true,
    "w": 336
  },
  "chi15_kwak.webp": {
    "h": 336,
    "mtime": 1779671865.6666813,
    "optimized": true,
    "w": 336
  },
  "chi18_joni.webp": {
    "h": 336,
    "mtime": 1779671865.6801894,
    "optimized": true,
    "w": 336
  },
  "cikm23_han.webp": {
    "h": 336,
    "mtime": 1779671865.6967192,
    "optimized": true,
    "w": 336
  },
  "dummy.webp": {
    "h": 336,
    "mtime": 1779671865.700064,
    "optimized": true,
    "w": 336
  },
  "egg14_kwak.webp": {
    "h": 336,
    "mtime": 1779671865.7083747,
    "optimized": true,
    "w": 336
  },
  "emnlp19_yifan.webp": {
    "h": 336,
    "mtime": 1779671865.717112,
    "optimized": true,
    "w": 336
  },
  "emnlp21_an.webp": {
    "h": 336,
    "mtime": 1779671865.7272947,
    "optimized": true,
    "w": 336
  },
  "epj24_miyazaki.webp": {
    "h": 336,
    "mtime": 1779671865.7382298,
    "optimized": true,
    "w": 336
  },
  "frontiers22_lee.webp": {
    "h": 336,
    "mtime": 1779671865.7465062,
    "optimized": true,
    "w": 336
  },
  "ht17_reis.webp": {
    "h": 336,
    "mtime": 1779671865.7551024,
    "optimized": true,
    "w": 336
  },
  "icwsm11_an.webp": {
    "h": 336,
    "mtime": 1779671865.7649841,
    "optimized": true,
    "w": 336
  },
  "icwsm16_an.webp": {
    "h": 336,
    "mtime": 1779671865.781629,
    "optimized": true,
    "w": 336
  },
  "icwsm18_joni.webp": {
    "h": 336,
    "mtime": 1779671865.7920215,
    "optimized": true,
    "w": 336
  },
  "icwsm18_jung.webp": {
    "h": 336,
    "mtime": 1779671865.8057768,
    "optimized": true,
    "w": 336
  },
  "icwsm19_an.webp": {
    "h": 336,
    "mtime": 1779671865.8157332,
    "optimized": true,
    "w": 336
  },
  "icwsm19_kholoud.webp": {
    "h": 336,
    "mtime": 1779671865.8277118,
    "optimized": true,
    "w": 336
  },
  "icwsm20_park.webp": {
    "h": 336,
    "mtime": 1779671865.8342412,
    "optimized": true,
    "w": 336
  },
  "icwsm20_soumen.webp": {
    "h": 336,
    "mtime": 1779671865.8426452,
    "optimized": true,
    "w": 336
  },
  "icwsm21_park.webp": {
    "h": 336,
    "mtime": 1779671865.8571024,
    "optimized": true,
    "w": 336
  },
  "icwsm22_chong.webp": {
    "h": 336,
    "mtime": 1779671865.8808808,
    "optimized": true,
    "w": 336
  },
  "icwsm22_kwak.webp": {
    "h": 336,
    "mtime": 1779671865.8942614,
    "optimized": true,
    "w": 336
  },
  "icwsm23_miyazaki.webp": {
    "h": 336,
    "mtime": 1779671865.9039109,
    "optimized": true,
    "w": 336
  },
  "ieeegames18_peter.webp": {
    "h": 336,
    "mtime": 1779671865.9145584,
    "optimized": true,
    "w": 336
  },
  "ijpp19_andrea.webp": {
    "h": 336,
    "mtime": 1779671865.9229064,
    "optimized": true,
    "w": 336
  },
  "jmir21_an.webp": {
    "h": 336,
    "mtime": 1779671865.9365525,
    "optimized": true,
    "w": 336
  },
  "kdd14_laszlo.webp": {
    "h": 336,
    "mtime": 1779671865.943765,
    "optimized": true,
    "w": 336
  },
  "lreccoling24_fan.webp": {
    "h": 336,
    "mtime": 1779671865.9530535,
    "optimized": true,
    "w": 336
  },
  "naacl24_zoher.webp": {
    "h": 336,
    "mtime": 1779671865.9614365,
    "optimized": true,
    "w": 336
  },
  "neco16_kwak.webp": {
    "h": 336,
    "mtime": 1779671865.9709563,
    "optimized": true,
    "w": 336
  },
  "neco17_an.webp": {
    "h": 336,
    "mtime": 1779671865.9836779,
    "optimized": true,
    "w": 336
  },
  "nhb25_lee.webp": {
    "h": 336,
    "mtime": 1779671865.994089,
    "optimized": true,
    "w": 336
  },
  "peerjcs21_kwak.webp": {
    "h": 336,
    "mtime": 1779671866.007299,
    "optimized": true,
    "w": 336
  },
  "scirep16_shin.webp": {
    "h": 336,
    "mtime": 1779671866.015557,
    "optimized": true,
    "w": 336
  },
  "scirep24_kuni.webp": {
    "h": 336,
    "mtime": 1779671866.0280933,
    "optimized": true,
    "w": 336
  },
  "socinfo14_kwak.webp": {
    "h": 336,
    "mtime": 1779671866.0393455,
    "optimized": true,
    "w": 336
  },
  "socinfo17_an.webp": {
    "h": 336,
    "mtime": 1779671866.0486014,
    "optimized": true,
    "w": 336
  },
  "socinfo17_an_2.webp": {
    "h": 336,
    "mtime": 1779671866.0651667,
    "optimized": true,
    "w": 336
  },
  "socinfo19_an.webp": {
    "h": 336,
    "mtime": 1779671866.077418,
    "optimized": true,
    "w": 336
  },
  "socinfo19_an_2.webp": {
    "h": 336,
    "mtime": 1779671866.0935373,
    "optimized": true,
    "w": 336
  },
  "sscr20_andreas.webp": {
    "h": 336,
    "mtime": 1779671866.101999,
    "optimized": true,
    "w": 336
  },
  "trustnlp23_rachith.webp": {
    "h": 336,
    "mtime": 1779671866.1111279,
    "optimized": true,
    "w": 336
  },
  "tsc22_aldous.webp": {
    "h": 336,
    "mtime": 1779671866.1238375,
    "optimized": true,
    "w": 336
  },
  "tsc22_mejova.webp": {
    "h": 336,
    "mtime": 1779671866.137028,
    "optimized": true,
    "w": 336
  },
  "tweb18_an.webp": {
    "h": 336,
    "mtime": 1779671866.146026,
    "optimized": true,
    "w": 336
  },
  "websci20_haewoon.webp": {
    "h": 336,
    "mtime": 1779671866.1622632,
    "optimized": true,
    "w": 336
  },
  "websci22_haewoon.webp": {
    "h": 336,
    "mtime": 1779671866.1732614,
    "optimized": true,
    "w": 336
  },
  "websci23_miyazaki.webp": {
    "h": 336,
    "mtime": 1779671866.1892843,
    "optimized": true,
    "w": 336
  },
  "websci23_zhang.webp": {
    "h": 336,
    "mtime": 1779671866.200373,
    "optimized": true,
    "w": 336
  },
  "www10_kwak.webp": {
    "h": 336,
    "mtime": 1779671866.212384,
    "optimized": true,
    "w": 336
  },
  "www14_an.webp": {
    "h": 336,
    "mtime": 1779671866.2226472,
    "optimized": true,
    "w": 336
  },
  "www14_jeremy.webp": {
    "h": 336,
    "mtime": 1779671866.2319825,
    "optimized": true,
    "w": 336
  },
  "www17_kang.webp": {
    "h": 336,
    "mtime": 1779671866.245488,
    "optimized": true,
    "w": 336
  },
  "www17_park.webp": {
    "h": 336,
    "mtime": 1779671866.2525158,
    "optimized": true,
    "w": 336
  },
  "www18_kwak.webp": {
    "h": 336,
    "mtime": 1779671866.2644098,
    "optimized": true,
    "w": 336
  },
  "www18_savvas.webp": {
    "h": 336,
    "mtime": 1779671866.2772658,
    "optimized": true,
    "w": 336
  },
  "www20_hind.webp": {
    "h": 336,
    "mtime": 1779671866.2852583,
    "optimized": true,
    "w": 336
  },
  "www23_fan.webp": {
    "h": 336,
    "mtime": 1779671866.2964735,
    "optimized": true,
    "w": 336
  },
  "www23_fan_2.webp": {
    "h": 336,
    "mtime": 1779671866.3025784,
    "optimized": true,
    "w": 336
  }
}